{"last_tab":"1","logo_for_header":{"url":"http:\/\/localhost\/hosting\/wp-content\/themes\/hostingpress\/images\/logo.png","id":"","height":"","width":"","thumbnail":""},"favicon":{"url":"http:\/\/localhost\/hosting\/wp-content\/uploads\/2016\/03\/favicon-16x16.png","id":"2271","height":"16","width":"16","thumbnail":"http:\/\/localhost\/hosting\/wp-content\/uploads\/2016\/03\/favicon-16x16.png"},"display_top_header_bar":"1","slogan_text_for_header":"WELCOME TO HOSTPRESS WORDPRESS THEME","sticky_header":"1","theme_loader":"1","header_padding_top":"10","header_padding_bottom":"10","header_min_height":"66","default_header_option":"1","display_login_button":"1","login_button_url":"LOGIN","hostingpress_header_menu_color":"#19506d","hostingpress_header_menu_hover_color":"#267ae9","hostingpress_header_submenu_color":{"color":"#19506d","alpha":"1","rgba":"rgba(25,80,109,1)"},"hostingpress_header_submenu_hover_color":"#267ae9","hostingpress_menu_font":{"font-family":"Lato","font-options":"","google":"1","subsets":""},"hostingpress_topbar_font_color":"#333333","hostingpress_topbar_background_color":"#ffffff","hostingpress_topbar_font":{"font-family":"Helvetica Neue","font-options":"","google":"1","subsets":""},"hostingpress_header_link_color":{"regular":"#4a4a4a","hover":"#19506d","active":"#19506d"},"hostingpress_primary_color":"#267ae9","hostingpress_secondary_color":"#f1f6f8","hostingpress_third_color":"#42b6ff","hostingpress_fourth_color":"#f95732","hostingpress_change_font":"1","hostingpress_headings_font":{"font-family":"Roboto","font-options":"","google":"1","subsets":""},"hostingpress_body_font":{"font-family":"Roboto","font-options":"","google":"1","subsets":""},"hostingpress_headings_color":"#443a44","hostingpress_text_color":"#443a44","hostingpress_link_color":{"regular":"#443a44","hover":"#0186d5","active":"#0186d5"},"hostingpress_quick_css":"","display_image_header":"1","header_background_image":{"url":"http:\/\/localhost\/hosting\/wp-content\/themes\/hostingpress\/images\/page_cover\/bg.jpg","id":"","height":"","width":"","thumbnail":""},"display_breadcrumb":"1","breadcrumb_separator":"-","contactus_address":"Area 51 , Some near unknown,\r\nUSA 000000","contactus_email_address":"info@medicalprotheme.com","contactus_phone_number":"123 7890 456","contactus_fax_number":"123 7890 456","display_quick_contact_info_bar":"1","quick_contact_email_address":"info@hostingpress.com","quick_contact_phone_number":"123 7890 456","quick_contact_chat_us_URL":"#","logo_for_footer":{"url":"http:\/\/localhost\/hosting\/wp-content\/themes\/hostingpress\/images\/logo2.png","id":"","height":"","width":"","thumbnail":""},"footer_about_txt":"Lorem ipsum dolor sit amet, ectetur adipiscing elit.viverra tellus. Vivamus finibus, quam vitae pulvinar euismod, Lorem ipsum dolor sit amet, ectetur adipiscing elit.ectetur adipiscing elit.viverra tellusivamus finibus, quam vitae pulvinar euismod,","footer_copyright":"Copyright \u00a9 1999 - 2015 hostpress.com. All Rights Reserved","display_footer_social_icons":"1","skype_username":"hostingpress","twitter_url":"https:\/\/www.twitter.com\/","facebook_url":"https:\/\/www.facebook.com\/","google_url":"https:\/\/plus.google.com\/","linkedin_url":"https:\/\/www.linkedin.com\/","pinterest_url":"https:\/\/www.pinterest.com\/","instagram_url":"https:\/\/instagram.com\/","youtube_url":"https:\/\/www.youtube.com\/","rss_url":"http:\/\/localhost\/hosting","display_country_select_in_footer":"1","redux-backup":"1"}